name,iata,icao
Scoot,TR,TGW
Scoot,TR,TGW
Scoot,TR,TGW
Scoot,TR,TGW
Scoot,TR,TGW
Scoot,TR,TGW
Scoot,TR,TGW
Scoot,TR,TGW
Scoot,TR,TGW
Scoot,TR,TGW
Scoot,TR,TGW
Scoot,TR,TGW
Scoot,TR,TGW
Scoot,TR,TGW
Scoot,TR,TGW
Scoot,TR,TGW
Scoot,TR,TGW
Scoot,TR,TGW
Scoot,TR,TGW
Scoot,TR,TGW
Scoot,TR,TGW
Scoot,TR,TGW
Scoot,TR,TGW
Scoot,TR,TGW
Scoot,TR,TGW
Scoot,TR,TGW
Scoot,TR,TGW
Scoot,TR,TGW
Scoot,TR,TGW
Scoot,TR,TGW
Scoot,TR,TGW
Scoot,TR,TGW
Scoot,TR,TGW
Scoot,TR,TGW
Scoot,TR,TGW
Scoot,TR,TGW
Scoot,TR,TGW
Scoot,TR,TGW
Scoot,TR,TGW
Scoot,TR,TGW
Scoot,TR,TGW
Scoot,TR,TGW
Scoot,TR,TGW
Scoot,TR,TGW
Scoot,TR,TGW
Scoot,TR,TGW
Scoot,TR,TGW
Scoot,TR,TGW
Scoot,TR,TGW
Scoot,TR,TGW
Scoot,TR,TGW
Scoot,TR,TGW
Scoot,TR,TGW
Scoot,TR,TGW
Scoot,TR,TGW
Scoot,TR,TGW
Scoot,TR,TGW
Scoot,TR,TGW
Scoot,TR,TGW
Scoot,TR,TGW
Scoot,TR,TGW
Scoot,TR,TGW
Scoot,TR,TGW
Scoot,TR,TGW
Scoot,TR,TGW
Scoot,TR,TGW
Scoot,TR,TGW
Scoot,TR,TGW
Scoot,TR,TGW
Scoot,TR,TGW
Scoot,TR,TGW
Scoot,TR,TGW
Scoot,TR,TGW
Scoot,TR,TGW
Scoot,TR,TGW
Scoot,TR,TGW
Scoot,TR,TGW
Scoot,TR,TGW
Scoot,TR,TGW
Scoot,TR,TGW
Scoot,TR,TGW
Scoot,TR,TGW
Scoot,TR,TGW
Scoot,TR,TGW
Scoot,TR,TGW
Scoot,TR,TGW
Scoot,TR,TGW
Scoot,TR,TGW
Scoot,TR,TGW
Scoot,TR,TGW
Scoot,TR,TGW
Scoot,TR,TGW
Scoot,TR,TGW
Scoot,TR,TGW
Scoot,TR,TGW
Scoot,TR,TGW
Scoot,TR,TGW
Scoot,TR,TGW
Scoot,TR,TGW
Scoot,TR,TGW
Scoot,TR,TGW
Scoot,TR,TGW
Scoot,TR,TGW
Scoot,TR,TGW
Scoot,TR,TGW
Scoot,TR,TGW
Scoot,TR,TGW
Scoot,TR,TGW
Scoot,TR,TGW
Scoot,TR,TGW
Scoot,TR,TGW
Scoot,TR,TGW
Scoot,TR,TGW
Scoot,TR,TGW
Scoot,TR,TGW
Scoot,TR,TGW
Scoot,TR,TGW
Scoot,TR,TGW
Scoot,TR,TGW
Scoot,TR,TGW
Scoot,TR,TGW
Scoot,TR,TGW
Scoot,TR,TGW
Scoot,TR,TGW
Scoot,TR,TGW
Scoot,TR,TGW
Scoot,TR,TGW
Scoot,TR,TGW
Scoot,TR,TGW
Scoot,TR,TGW
Scoot,TR,TGW
Scoot,TR,TGW
Scoot,TR,TGW
Scoot,TR,TGW
Scoot,TR,TGW
Scoot,TR,TGW
Scoot,TR,TGW
Scoot,TR,TGW
Scoot,TR,TGW
Scoot,TR,TGW
Scoot,TR,TGW
Scoot,TR,TGW
Scoot,TR,TGW
Scoot,TR,TGW
Scoot,TR,TGW
Scoot,TR,TGW
Scoot,TR,TGW
Scoot,TR,TGW
Scoot,TR,TGW
Scoot,TR,TGW
Scoot,TR,TGW
Scoot,TR,TGW
Scoot,TR,TGW
Scoot,TR,TGW
Scoot,TR,TGW
Scoot,TR,TGW
Scoot,TR,TGW
Scoot,TR,TGW
Scoot,TR,TGW
Scoot,TR,TGW
Scoot,TR,TGW
Scoot,TR,TGW
Scoot,TR,TGW
Scoot,TR,TGW
Scoot,TR,TGW
Scoot,TR,TGW
Scoot,TR,TGW
Scoot,TR,TGW
Scoot,TR,TGW
Scoot,TR,TGW
Scoot,TR,TGW
Scoot,TR,TGW
Scoot,TR,TGW
Scoot,TR,TGW
Scoot,TR,TGW
Scoot,TR,TGW
Scoot,TR,TGW
Scoot,TR,TGW
Scoot,TR,TGW
Scoot,TR,TGW
Scoot,TR,TGW
Scoot,TR,TGW
Scoot,TR,TGW
Scoot,TR,TGW
Scoot,TR,TGW
Scoot,TR,TGW
Scoot,TR,TGW
Scoot,TR,TGW
Scoot,TR,TGW
Scoot,TR,TGW
Scoot,TR,TGW
Scoot,TR,TGW
Scoot,TR,TGW
Scoot,TR,TGW
Scoot,TR,TGW
Scoot,TR,TGW
Scoot,TR,TGW
Scoot,TR,TGW
Scoot,TR,TGW
Scoot,TR,TGW
